<?xml version="1.0" encoding="UTF-8" standalone="yes"?>
<addon id="plugin.image.Xone" name="Xone Rss" version="1.0.0" provider-name="senna99">
  <requires>
    <import addon="xbmc.python" version="2.1.0"/>
  </requires>
  <extension point="xbmc.python.pluginsource" library="addon.py">
    <provides>image</provides>
  </extension>
  <extension point="xbmc.addon.metadata">
    <summary lang="en">How to make your own Rss Add-on for Kodi.</summary>
    <description lang="en"></description>
    <disclaimer lang="en">Use it at your own risk.</disclaimer>
    <language>en</language>
    <platform>all</platform>
    <website></website>
    <email></email>
  </extension>
</addon>
